               X_h,               X_v,            sPAR_e,           sPAR_h0,ACCi_$whenCondition1,
  5.2658458984e-02,  1.4654612300e-01,  8.0000000000e-01,  1.0000000000e+00,  0.0000000000e+00,
               X_h,               X_v,            sPAR_e,           sPAR_h0,ACCi_$whenCondition1,
  5.2658458984e-02,  1.4654612300e-01,  8.0000000000e-01,  1.0000000000e+00,  0.0000000000e+00,
               X_h,               X_v,            sPAR_e,           sPAR_h0,ACCi_$whenCondition1,
  5.2658458984e-02,  1.4654612300e-01,  8.0000000000e-01,  1.0000000000e+00,  0.0000000000e+00,
               X_h,               X_v,            sPAR_e,           sPAR_h0,ACCi_$whenCondition1,
  5.2658458984e-02,  1.4654612300e-01,  8.0000000000e-01,  1.0000000000e+00,  0.0000000000e+00,
               X_h,               X_v,            sPAR_e,           sPAR_h0,ACCi_$whenCondition1,
  5.2658458984e-02,  1.4654612300e-01,  8.0000000000e-01,  1.0000000000e+00,  0.0000000000e+00,
               X_h,               X_v,            sPAR_e,           sPAR_h0,ACCi_$whenCondition1,
  5.2658458984e-02,  1.4654612300e-01,  8.0000000000e-01,  1.0000000000e+00,  0.0000000000e+00,
               X_h,               X_v,            sPAR_e,           sPAR_h0,ACCi_$whenCondition1,
  5.2658458984e-02,  1.4654612300e-01,  8.0000000000e-01,  1.0000000000e+00,  0.0000000000e+00,
               X_h,               X_v,            sPAR_e,           sPAR_h0,ACCi_$whenCondition1,
  5.2658458984e-02,  1.4654612300e-01,  8.0000000000e-01,  1.0000000000e+00,  0.0000000000e+00,
               X_h,               X_v,            sPAR_e,           sPAR_h0,ACCi_$whenCondition1,
  5.2658458984e-02,  1.4654612300e-01,  8.0000000000e-01,  1.0000000000e+00,  0.0000000000e+00,
               X_h,               X_v,            sPAR_e,           sPAR_h0,ACCi_$whenCondition1,
  5.2658458984e-02,  1.4654612300e-01,  8.0000000000e-01,  1.0000000000e+00,  0.0000000000e+00,
               X_h,               X_v,            sPAR_e,           sPAR_h0,ACCi_$whenCondition1,
  5.2658458984e-02,  1.4654612300e-01,  8.0000000000e-01,  1.0000000000e+00,  0.0000000000e+00,
               X_h,               X_v,            sPAR_e,           sPAR_h0,ACCi_$whenCondition1,
  5.2658458984e-02,  1.4654612300e-01,  8.0000000000e-01,  1.0000000000e+00,  0.0000000000e+00,
               X_h,               X_v,            sPAR_e,           sPAR_h0,ACCi_$whenCondition1,
  5.2658458984e-02,  1.4654612300e-01,  8.0000000000e-01,  1.0000000000e+00,  0.0000000000e+00,
               X_h,               X_v,            sPAR_e,           sPAR_h0,ACCi_$whenCondition1,
  5.2658458984e-02,  1.4654612300e-01,  8.0000000000e-01,  1.0000000000e+00,  0.0000000000e+00,
               X_h,               X_v,            sPAR_e,           sPAR_h0,ACCi_$whenCondition1,
  5.2658458984e-02,  1.4654612300e-01,  8.0000000000e-01,  1.0000000000e+00,  0.0000000000e+00,
               X_h,               X_v,            sPAR_e,           sPAR_h0,ACCi_$whenCondition1,
  5.2658458984e-02,  1.4654612300e-01,  8.0000000000e-01,  1.0000000000e+00,  0.0000000000e+00,
               X_h,               X_v,            sPAR_e,           sPAR_h0,ACCi_$whenCondition1,
  5.2658458984e-02,  1.4654612300e-01,  8.0000000000e-01,  1.0000000000e+00,  0.0000000000e+00,
               X_h,               X_v,            sPAR_e,           sPAR_h0,ACCi_$whenCondition1,
  5.2658458984e-02,  1.4654612300e-01,  8.0000000000e-01,  1.0000000000e+00,  0.0000000000e+00,
               X_h,               X_v,            sPAR_e,           sPAR_h0,ACCi_$whenCondition1,
  5.2658458984e-02,  1.4654612300e-01,  8.0000000000e-01,  1.0000000000e+00,  0.0000000000e+00,
               X_h,               X_v,            sPAR_e,           sPAR_h0,ACCi_$whenCondition1,
  5.2658458984e-02,  1.4654612300e-01,  8.0000000000e-01,  1.0000000000e+00,  0.0000000000e+00,
               X_h,               X_v,            sPAR_e,           sPAR_h0,ACCi_$whenCondition1,
  5.2658458984e-02,  1.4654612300e-01,  8.0000000000e-01,  1.0000000000e+00,  0.0000000000e+00,
               X_h,               X_v,            sPAR_e,           sPAR_h0,ACCi_$whenCondition1,
  5.2658458984e-02,  1.4654612300e-01,  8.0000000000e-01,  1.0000000000e+00,  0.0000000000e+00,
               X_h,               X_v,            sPAR_e,           sPAR_h0,ACCi_$whenCondition1,
  5.2658458984e-02,  1.4654612300e-01,  8.0000000000e-01,  1.0000000000e+00,  0.0000000000e+00,
               X_h,               X_v,            sPAR_e,           sPAR_h0,ACCi_$whenCondition1,
  5.2658458984e-02,  1.4654612300e-01,  8.0000000000e-01,  1.0000000000e+00,  0.0000000000e+00,
               X_h,               X_v,            sPAR_e,           sPAR_h0,ACCi_$whenCondition1,
  5.2658458984e-02,  1.4654612300e-01,  8.0000000000e-01,  1.0000000000e+00,  0.0000000000e+00,
               X_h,               X_v,            sPAR_e,           sPAR_h0,ACCi_$whenCondition1,
  5.2658458984e-02,  1.4654612300e-01,  8.0000000000e-01,  1.0000000000e+00,  0.0000000000e+00,
               X_h,               X_v,            sPAR_e,           sPAR_h0,ACCi_$whenCondition1,
  5.2658458984e-02,  1.4654612300e-01,  8.0000000000e-01,  1.0000000000e+00,  0.0000000000e+00,
               X_h,               X_v,            sPAR_e,           sPAR_h0,ACCi_$whenCondition1,
  5.2658458984e-02,  1.4654612300e-01,  8.0000000000e-01,  1.0000000000e+00,  0.0000000000e+00,
               X_h,               X_v,            sPAR_e,           sPAR_h0,ACCi_$whenCondition1,
  5.2658458984e-02,  1.4654612300e-01,  8.0000000000e-01,  1.0000000000e+00,  0.0000000000e+00,
               X_h,               X_v,            sPAR_e,           sPAR_h0,ACCi_$whenCondition1,
  5.2658458984e-02,  1.4654612300e-01,  8.0000000000e-01,  1.0000000000e+00,  0.0000000000e+00,
               X_h,               X_v,            sPAR_e,           sPAR_h0,ACCi_$whenCondition1,
  5.2658458984e-02,  1.4654612300e-01,  8.0000000000e-01,  1.0000000000e+00,  0.0000000000e+00,
               X_h,               X_v,            sPAR_e,           sPAR_h0,ACCi_$whenCondition1,
  5.2658458984e-02,  1.4654612300e-01,  8.0000000000e-01,  1.0000000000e+00,  0.0000000000e+00,
               X_h,               X_v,            sPAR_e,           sPAR_h0,ACCi_$whenCondition1,
  2.7458747200e+01, -5.1796800000e+00,  8.0000000000e-01,  1.0000000000e+00,  0.0000000000e+00,
               X_h,               X_v,            sPAR_e,           sPAR_h0,ACCi_$whenCondition1,
  2.7458747200e+01, -5.1796800000e+00,  8.0000000000e-01,  1.0000000000e+00,  0.0000000000e+00,
               X_h,               X_v,            sPAR_e,           sPAR_h0,ACCi_$whenCondition1,
  2.7458747200e+01, -5.1796800000e+00,  8.0000000000e-01,  1.0000000000e+00,  0.0000000000e+00,
               X_h,               X_v,            sPAR_e,           sPAR_h0,ACCi_$whenCondition1,
  2.7458747200e+01, -5.1796800000e+00,  8.0000000000e-01,  1.0000000000e+00,  0.0000000000e+00,
               X_h,               X_v,            sPAR_e,           sPAR_h0,ACCi_$whenCondition1,
  2.7458747200e+01, -5.1796800000e+00,  8.0000000000e-01,  1.0000000000e+00,  0.0000000000e+00,
               X_h,               X_v,            sPAR_e,           sPAR_h0,ACCi_$whenCondition1,
  2.7458747200e+01, -5.1796800000e+00,  8.0000000000e-01,  1.0000000000e+00,  0.0000000000e+00,
               X_h,               X_v,            sPAR_e,           sPAR_h0,ACCi_$whenCondition1,
  2.7458747200e+01, -5.1796800000e+00,  8.0000000000e-01,  1.0000000000e+00,  0.0000000000e+00,
               X_h,               X_v,            sPAR_e,           sPAR_h0,ACCi_$whenCondition1,
  2.7458747200e+01, -5.1796800000e+00,  8.0000000000e-01,  1.0000000000e+00,  0.0000000000e+00,
               X_h,               X_v,            sPAR_e,           sPAR_h0,ACCi_$whenCondition1,
  2.7458747200e+01, -5.1796800000e+00,  8.0000000000e-01,  1.0000000000e+00,  0.0000000000e+00,
               X_h,               X_v,            sPAR_e,           sPAR_h0,ACCi_$whenCondition1,
  2.7458747200e+01, -5.1796800000e+00,  8.0000000000e-01,  1.0000000000e+00,  0.0000000000e+00,
               X_h,               X_v,            sPAR_e,           sPAR_h0,ACCi_$whenCondition1,
  2.7458747200e+01, -5.1796800000e+00,  8.0000000000e-01,  1.0000000000e+00,  0.0000000000e+00,
               X_h,               X_v,            sPAR_e,           sPAR_h0,ACCi_$whenCondition1,
  2.7458747200e+01, -5.1796800000e+00,  8.0000000000e-01,  1.0000000000e+00,  0.0000000000e+00,
               X_h,               X_v,            sPAR_e,           sPAR_h0,ACCi_$whenCondition1,
  2.7458747200e+01, -5.1796800000e+00,  8.0000000000e-01,  1.0000000000e+00,  0.0000000000e+00,
               X_h,               X_v,            sPAR_e,           sPAR_h0,ACCi_$whenCondition1,
  2.7458747200e+01, -5.1796800000e+00,  8.0000000000e-01,  1.0000000000e+00,  0.0000000000e+00,
               X_h,               X_v,            sPAR_e,           sPAR_h0,ACCi_$whenCondition1,
  2.7458747200e+01, -5.1796800000e+00,  8.0000000000e-01,  1.0000000000e+00,  0.0000000000e+00,
               X_h,               X_v,            sPAR_e,           sPAR_h0,ACCi_$whenCondition1,
  2.7458747200e+01, -5.1796800000e+00,  8.0000000000e-01,  1.0000000000e+00,  0.0000000000e+00,
               X_h,               X_v,            sPAR_e,           sPAR_h0,ACCi_$whenCondition1,
  2.7458747200e+01, -5.1796800000e+00,  8.0000000000e-01,  1.0000000000e+00,  0.0000000000e+00,
               X_h,               X_v,            sPAR_e,           sPAR_h0,ACCi_$whenCondition1,
  2.7458747200e+01, -5.1796800000e+00,  8.0000000000e-01,  1.0000000000e+00,  0.0000000000e+00,
               X_h,               X_v,            sPAR_e,           sPAR_h0,ACCi_$whenCondition1,
  2.7458747200e+01, -5.1796800000e+00,  8.0000000000e-01,  1.0000000000e+00,  0.0000000000e+00,
               X_h,               X_v,            sPAR_e,           sPAR_h0,ACCi_$whenCondition1,
  2.7458747200e+01, -5.1796800000e+00,  8.0000000000e-01,  1.0000000000e+00,  0.0000000000e+00,
               X_h,               X_v,            sPAR_e,           sPAR_h0,ACCi_$whenCondition1,
  2.7458747200e+01, -5.1796800000e+00,  8.0000000000e-01,  1.0000000000e+00,  0.0000000000e+00,
               X_h,               X_v,            sPAR_e,           sPAR_h0,ACCi_$whenCondition1,
  2.7458747200e+01, -5.1796800000e+00,  8.0000000000e-01,  1.0000000000e+00,  0.0000000000e+00,
               X_h,               X_v,            sPAR_e,           sPAR_h0,ACCi_$whenCondition1,
  2.7458747200e+01, -5.1796800000e+00,  8.0000000000e-01,  1.0000000000e+00,  0.0000000000e+00,
               X_h,               X_v,            sPAR_e,           sPAR_h0,ACCi_$whenCondition1,
  2.7458747200e+01, -5.1796800000e+00,  8.0000000000e-01,  1.0000000000e+00,  0.0000000000e+00,
               X_h,               X_v,            sPAR_e,           sPAR_h0,ACCi_$whenCondition1,
  2.7458747200e+01, -5.1796800000e+00,  8.0000000000e-01,  1.0000000000e+00,  0.0000000000e+00,
               X_h,               X_v,            sPAR_e,           sPAR_h0,ACCi_$whenCondition1,
  2.7458747200e+01, -5.1796800000e+00,  8.0000000000e-01,  1.0000000000e+00,  0.0000000000e+00,
               X_h,               X_v,            sPAR_e,           sPAR_h0,ACCi_$whenCondition1,
  2.7458747200e+01, -5.1796800000e+00,  8.0000000000e-01,  1.0000000000e+00,  0.0000000000e+00,
               X_h,               X_v,            sPAR_e,           sPAR_h0,ACCi_$whenCondition1,
  2.7458747200e+01, -5.1796800000e+00,  8.0000000000e-01,  1.0000000000e+00,  0.0000000000e+00,
               X_h,               X_v,            sPAR_e,           sPAR_h0,ACCi_$whenCondition1,
  2.7458747200e+01, -5.1796800000e+00,  8.0000000000e-01,  1.0000000000e+00,  0.0000000000e+00,
               X_h,               X_v,            sPAR_e,           sPAR_h0,ACCi_$whenCondition1,
  2.7458747200e+01, -5.1796800000e+00,  8.0000000000e-01,  1.0000000000e+00,  0.0000000000e+00,
               X_h,               X_v,            sPAR_e,           sPAR_h0,ACCi_$whenCondition1,
  2.7458747200e+01, -5.1796800000e+00,  8.0000000000e-01,  1.0000000000e+00,  0.0000000000e+00,
               X_h,               X_v,            sPAR_e,           sPAR_h0,ACCi_$whenCondition1,
  2.7458747200e+01, -5.1796800000e+00,  8.0000000000e-01,  1.0000000000e+00,  0.0000000000e+00,
               X_h,               X_v,            sPAR_e,           sPAR_h0,ACCi_$whenCondition1,
  5.2658458984e-02,  1.4654612300e-01,  8.0000000000e-01,  1.0000000000e+00,  0.0000000000e+00,
               X_h,               X_v,            sPAR_e,           sPAR_h0,ACCi_$whenCondition1,
  5.2658458984e-02,  1.4654612300e-01,  8.0000000000e-01,  1.0000000000e+00,  0.0000000000e+00,
               X_h,               X_v,            sPAR_e,           sPAR_h0,ACCi_$whenCondition1,
  5.2658458984e-02,  1.4654612300e-01,  8.0000000000e-01,  1.0000000000e+00,  0.0000000000e+00,
               X_h,               X_v,            sPAR_e,           sPAR_h0,ACCi_$whenCondition1,
  5.2658458984e-02,  1.4654612300e-01,  8.0000000000e-01,  1.0000000000e+00,  0.0000000000e+00,
               X_h,               X_v,            sPAR_e,           sPAR_h0,ACCi_$whenCondition1,
  5.2658458984e-02,  1.4654612300e-01,  8.0000000000e-01,  1.0000000000e+00,  0.0000000000e+00,
               X_h,               X_v,            sPAR_e,           sPAR_h0,ACCi_$whenCondition1,
  5.2658458984e-02,  1.4654612300e-01,  8.0000000000e-01,  1.0000000000e+00,  0.0000000000e+00,
               X_h,               X_v,            sPAR_e,           sPAR_h0,ACCi_$whenCondition1,
  5.2658458984e-02,  1.4654612300e-01,  8.0000000000e-01,  1.0000000000e+00,  0.0000000000e+00,
               X_h,               X_v,            sPAR_e,           sPAR_h0,ACCi_$whenCondition1,
  5.2658458984e-02,  1.4654612300e-01,  8.0000000000e-01,  1.0000000000e+00,  0.0000000000e+00,
               X_h,               X_v,            sPAR_e,           sPAR_h0,ACCi_$whenCondition1,
  5.2658458984e-02,  1.4654612300e-01,  8.0000000000e-01,  1.0000000000e+00,  0.0000000000e+00,
               X_h,               X_v,            sPAR_e,           sPAR_h0,ACCi_$whenCondition1,
  5.2658458984e-02,  1.4654612300e-01,  8.0000000000e-01,  1.0000000000e+00,  0.0000000000e+00,
               X_h,               X_v,            sPAR_e,           sPAR_h0,ACCi_$whenCondition1,
  5.2658458984e-02,  1.4654612300e-01,  8.0000000000e-01,  1.0000000000e+00,  0.0000000000e+00,
               X_h,               X_v,            sPAR_e,           sPAR_h0,ACCi_$whenCondition1,
  5.2658458984e-02,  1.4654612300e-01,  8.0000000000e-01,  1.0000000000e+00,  0.0000000000e+00,
               X_h,               X_v,            sPAR_e,           sPAR_h0,ACCi_$whenCondition1,
  5.2658458984e-02,  1.4654612300e-01,  8.0000000000e-01,  1.0000000000e+00,  0.0000000000e+00,
               X_h,               X_v,            sPAR_e,           sPAR_h0,ACCi_$whenCondition1,
  5.2658458984e-02,  1.4654612300e-01,  8.0000000000e-01,  1.0000000000e+00,  0.0000000000e+00,
               X_h,               X_v,            sPAR_e,           sPAR_h0,ACCi_$whenCondition1,
  5.2658458984e-02,  1.4654612300e-01,  8.0000000000e-01,  1.0000000000e+00,  0.0000000000e+00,
               X_h,               X_v,            sPAR_e,           sPAR_h0,ACCi_$whenCondition1,
  5.2658458984e-02,  1.4654612300e-01,  8.0000000000e-01,  1.0000000000e+00,  0.0000000000e+00,
               X_h,               X_v,            sPAR_e,           sPAR_h0,ACCi_$whenCondition1,
  5.2658458984e-02,  1.4654612300e-01,  8.0000000000e-01,  1.0000000000e+00,  0.0000000000e+00,
               X_h,               X_v,            sPAR_e,           sPAR_h0,ACCi_$whenCondition1,
  5.2658458984e-02,  1.4654612300e-01,  8.0000000000e-01,  1.0000000000e+00,  0.0000000000e+00,
               X_h,               X_v,            sPAR_e,           sPAR_h0,ACCi_$whenCondition1,
  5.2658458984e-02,  1.4654612300e-01,  8.0000000000e-01,  1.0000000000e+00,  0.0000000000e+00,
               X_h,               X_v,            sPAR_e,           sPAR_h0,ACCi_$whenCondition1,
  5.2658458984e-02,  1.4654612300e-01,  8.0000000000e-01,  1.0000000000e+00,  0.0000000000e+00,
               X_h,               X_v,            sPAR_e,           sPAR_h0,ACCi_$whenCondition1,
  5.2658458984e-02,  1.4654612300e-01,  8.0000000000e-01,  1.0000000000e+00,  0.0000000000e+00,
               X_h,               X_v,            sPAR_e,           sPAR_h0,ACCi_$whenCondition1,
  5.2658458984e-02,  1.4654612300e-01,  8.0000000000e-01,  1.0000000000e+00,  0.0000000000e+00,
               X_h,               X_v,            sPAR_e,           sPAR_h0,ACCi_$whenCondition1,
  5.2658458984e-02,  1.4654612300e-01,  8.0000000000e-01,  1.0000000000e+00,  0.0000000000e+00,
               X_h,               X_v,            sPAR_e,           sPAR_h0,ACCi_$whenCondition1,
  5.2658458984e-02,  1.4654612300e-01,  8.0000000000e-01,  1.0000000000e+00,  0.0000000000e+00,
               X_h,               X_v,            sPAR_e,           sPAR_h0,ACCi_$whenCondition1,
  5.2658458984e-02,  1.4654612300e-01,  8.0000000000e-01,  1.0000000000e+00,  0.0000000000e+00,
               X_h,               X_v,            sPAR_e,           sPAR_h0,ACCi_$whenCondition1,
  5.2658458984e-02,  1.4654612300e-01,  8.0000000000e-01,  1.0000000000e+00,  0.0000000000e+00,
               X_h,               X_v,            sPAR_e,           sPAR_h0,ACCi_$whenCondition1,
  5.2658458984e-02,  1.4654612300e-01,  8.0000000000e-01,  1.0000000000e+00,  0.0000000000e+00,
               X_h,               X_v,            sPAR_e,           sPAR_h0,ACCi_$whenCondition1,
  5.2658458984e-02,  1.4654612300e-01,  8.0000000000e-01,  1.0000000000e+00,  0.0000000000e+00,
               X_h,               X_v,            sPAR_e,           sPAR_h0,ACCi_$whenCondition1,
  5.2658458984e-02,  1.4654612300e-01,  8.0000000000e-01,  1.0000000000e+00,  0.0000000000e+00,
               X_h,               X_v,            sPAR_e,           sPAR_h0,ACCi_$whenCondition1,
  5.2658458984e-02,  1.4654612300e-01,  8.0000000000e-01,  1.0000000000e+00,  0.0000000000e+00,
               X_h,               X_v,            sPAR_e,           sPAR_h0,ACCi_$whenCondition1,
  5.2658458984e-02,  1.4654612300e-01,  8.0000000000e-01,  1.0000000000e+00,  0.0000000000e+00,
               X_h,               X_v,            sPAR_e,           sPAR_h0,ACCi_$whenCondition1,
  5.2658458984e-02,  1.4654612300e-01,  8.0000000000e-01,  1.0000000000e+00,  0.0000000000e+00,
               X_h,               X_v,            sPAR_e,           sPAR_h0,ACCi_$whenCondition1,
  2.7047668960e+01, -5.3209440000e+00,  8.0000000000e-01,  1.0000000000e+00,  0.0000000000e+00,
               X_h,               X_v,            sPAR_e,           sPAR_h0,ACCi_$whenCondition1,
  2.7047668960e+01, -5.3209440000e+00,  8.0000000000e-01,  1.0000000000e+00,  0.0000000000e+00,
               X_h,               X_v,            sPAR_e,           sPAR_h0,ACCi_$whenCondition1,
  2.7047668960e+01, -5.3209440000e+00,  8.0000000000e-01,  1.0000000000e+00,  0.0000000000e+00,
               X_h,               X_v,            sPAR_e,           sPAR_h0,ACCi_$whenCondition1,
  2.7047668960e+01, -5.3209440000e+00,  8.0000000000e-01,  1.0000000000e+00,  0.0000000000e+00,
